{
  "start_time": 1760347619.0875447,
  "total_cycles": 3,
  "total_splits": 3,
  "total_baskets": 1,
  "last_activity_time": 1760347738.7970455,
  "completed_baskets": [
    {
      "start_time": 1760347619.0875447,
      "complete_time": 1760347738.7970455,
      "exchange_time": 1760347738.7970455,
      "start_fuel_level": 5.0,
      "end_fuel_level": 4.4,
      "fuel_consumed": 0.5999999999999996,
      "idle_time": 108.36386775970459,
      "break_time": 0.0,
      "on_break": false,
      "break_start_time": null,
      "last_activity_time": 1760347736.9485881,
      "is_currently_active": true,
      "cycles": [
        {
          "start_time": 1760347727.573199,
          "extend_start": 1760347727.573199,
          "extend_complete": 1760347729.05958,
          "retract_start": 1760347729.05958,
          "retract_complete": 1760347730.009294,
          "complete_time": 1760347730.009294,
          "aborted": false,
          "abort_reason": null
        },
        {
          "start_time": 1760347730.5439131,
          "extend_start": 1760347730.5439131,
          "extend_complete": 1760347731.9552996,
          "retract_start": 1760347731.9552996,
          "retract_complete": 1760347732.9343665,
          "complete_time": 1760347732.9343665,
          "aborted": false,
          "abort_reason": null
        },
        {
          "start_time": 1760347734.3575552,
          "extend_start": 1760347734.3575552,
          "extend_complete": 1760347735.4874072,
          "retract_start": 1760347735.4874072,
          "retract_complete": 1760347736.8391278,
          "complete_time": 1760347736.8391278,
          "aborted": false,
          "abort_reason": null
        }
      ]
    }
  ],
  "current_basket": {
    "start_time": 1760347619.0875447,
    "complete_time": 1760347738.7970455,
    "exchange_time": 1760347738.7970455,
    "start_fuel_level": 5.0,
    "end_fuel_level": 4.4,
    "fuel_consumed": 0.5999999999999996,
    "idle_time": 108.36386775970459,
    "break_time": 0.0,
    "on_break": false,
    "break_start_time": null,
    "last_activity_time": 1760347736.9485881,
    "is_currently_active": true,
    "cycles": [
      {
        "start_time": 1760347727.573199,
        "extend_start": 1760347727.573199,
        "extend_complete": 1760347729.05958,
        "retract_start": 1760347729.05958,
        "retract_complete": 1760347730.009294,
        "complete_time": 1760347730.009294,
        "aborted": false,
        "abort_reason": null
      },
      {
        "start_time": 1760347730.5439131,
        "extend_start": 1760347730.5439131,
        "extend_complete": 1760347731.9552996,
        "retract_start": 1760347731.9552996,
        "retract_complete": 1760347732.9343665,
        "complete_time": 1760347732.9343665,
        "aborted": false,
        "abort_reason": null
      },
      {
        "start_time": 1760347734.3575552,
        "extend_start": 1760347734.3575552,
        "extend_complete": 1760347735.4874072,
        "retract_start": 1760347735.4874072,
        "retract_complete": 1760347736.8391278,
        "complete_time": 1760347736.8391278,
        "aborted": false,
        "abort_reason": null
      }
    ]
  },
  "current_sequence_stage": "IDLE",
  "daily_stats": {}
}